product_category_name,product_category_name_english
utilidades_domesticas,housewares
utilidades_domesticas,housewares
utilidades_domesticas,housewares
utilidades_domesticas,housewares
utilidades_domesticas,housewares
utilidades_domesticas,housewares
utilidades_domesticas,housewares
utilidades_domesticas,housewares
utilidades_domesticas,housewares
utilidades_domesticas,housewares
utilidades_domesticas,housewares
utilidades_domesticas,housewares
utilidades_domesticas,housewares
utilidades_domesticas,housewares
utilidades_domesticas,housewares
utilidades_domesticas,housewares
utilidades_domesticas,housewares
utilidades_domesticas,housewares
utilidades_domesticas,housewares
utilidades_domesticas,housewares
utilidades_domesticas,housewares
utilidades_domesticas,housewares
utilidades_domesticas,housewares
utilidades_domesticas,housewares
utilidades_domesticas,housewares
utilidades_domesticas,housewares
utilidades_domesticas,housewares
utilidades_domesticas,housewares
utilidades_domesticas,housewares
utilidades_domesticas,housewares
utilidades_domesticas,housewares
utilidades_domesticas,housewares
utilidades_domesticas,housewares
utilidades_domesticas,housewares
utilidades_domesticas,housewares
utilidades_domesticas,housewares
utilidades_domesticas,housewares
utilidades_domesticas,housewares
utilidades_domesticas,housewares
utilidades_domesticas,housewares
utilidades_domesticas,housewares
utilidades_domesticas,housewares
utilidades_domesticas,housewares
utilidades_domesticas,housewares
utilidades_domesticas,housewares
utilidades_domesticas,housewares
utilidades_domesticas,housewares
utilidades_domesticas,housewares
utilidades_domesticas,housewares
utilidades_domesticas,housewares
utilidades_domesticas,housewares
utilidades_domesticas,housewares
utilidades_domesticas,housewares
utilidades_domesticas,housewares
utilidades_domesticas,housewares
utilidades_domesticas,housewares
utilidades_domesticas,housewares
utilidades_domesticas,housewares
utilidades_domesticas,housewares
utilidades_domesticas,housewares
utilidades_domesticas,housewares
utilidades_domesticas,housewares
utilidades_domesticas,housewares
utilidades_domesticas,housewares
utilidades_domesticas,housewares
utilidades_domesticas,housewares
utilidades_domesticas,housewares
utilidades_domesticas,housewares
utilidades_domesticas,housewares
utilidades_domesticas,housewares
utilidades_domesticas,housewares
utilidades_domesticas,housewares
utilidades_domesticas,housewares
utilidades_domesticas,housewares
utilidades_domesticas,housewares
utilidades_domesticas,housewares
utilidades_domesticas,housewares
utilidades_domesticas,housewares
utilidades_domesticas,housewares
utilidades_domesticas,housewares
utilidades_domesticas,housewares
utilidades_domesticas,housewares
utilidades_domesticas,housewares
utilidades_domesticas,housewares
utilidades_domesticas,housewares
utilidades_domesticas,housewares
utilidades_domesticas,housewares
utilidades_domesticas,housewares
utilidades_domesticas,housewares
utilidades_domesticas,housewares
utilidades_domesticas,housewares
utilidades_domesticas,housewares
utilidades_domesticas,housewares
utilidades_domesticas,housewares
utilidades_domesticas,housewares
utilidades_domesticas,housewares
utilidades_domesticas,housewares
utilidades_domesticas,housewares
utilidades_domesticas,housewares
utilidades_domesticas,housewares
utilidades_domesticas,housewares
utilidades_domesticas,housewares
utilidades_domesticas,housewares
utilidades_domesticas,housewares
utilidades_domesticas,housewares
utilidades_domesticas,housewares
utilidades_domesticas,housewares
utilidades_domesticas,housewares
utilidades_domesticas,housewares
utilidades_domesticas,housewares
utilidades_domesticas,housewares
utilidades_domesticas,housewares
utilidades_domesticas,housewares
utilidades_domesticas,housewares
utilidades_domesticas,housewares
utilidades_domesticas,housewares
utilidades_domesticas,housewares
utilidades_domesticas,housewares
utilidades_domesticas,housewares
utilidades_domesticas,housewares
utilidades_domesticas,housewares
utilidades_domesticas,housewares
utilidades_domesticas,housewares
utilidades_domesticas,housewares
utilidades_domesticas,housewares
utilidades_domesticas,housewares
utilidades_domesticas,housewares
utilidades_domesticas,housewares
utilidades_domesticas,housewares
utilidades_domesticas,housewares
utilidades_domesticas,housewares
utilidades_domesticas,housewares
utilidades_domesticas,housewares
utilidades_domesticas,housewares
utilidades_domesticas,housewares
utilidades_domesticas,housewares
utilidades_domesticas,housewares
utilidades_domesticas,housewares
utilidades_domesticas,housewares
utilidades_domesticas,housewares
utilidades_domesticas,housewares
utilidades_domesticas,housewares
utilidades_domesticas,housewares
utilidades_domesticas,housewares
utilidades_domesticas,housewares
utilidades_domesticas,housewares
utilidades_domesticas,housewares
utilidades_domesticas,housewares
utilidades_domesticas,housewares
utilidades_domesticas,housewares
utilidades_domesticas,housewares
utilidades_domesticas,housewares
utilidades_domesticas,housewares
utilidades_domesticas,housewares
utilidades_domesticas,housewares
utilidades_domesticas,housewares
utilidades_domesticas,housewares
utilidades_domesticas,housewares
utilidades_domesticas,housewares
utilidades_domesticas,housewares
utilidades_domesticas,housewares
utilidades_domesticas,housewares
utilidades_domesticas,housewares
utilidades_domesticas,housewares
utilidades_domesticas,housewares
utilidades_domesticas,housewares
utilidades_domesticas,housewares
utilidades_domesticas,housewares
utilidades_domesticas,housewares
utilidades_domesticas,housewares
utilidades_domesticas,housewares
utilidades_domesticas,housewares
utilidades_domesticas,housewares
utilidades_domesticas,housewares
utilidades_domesticas,housewares
utilidades_domesticas,housewares
utilidades_domesticas,housewares
utilidades_domesticas,housewares
utilidades_domesticas,housewares
utilidades_domesticas,housewares
utilidades_domesticas,housewares
utilidades_domesticas,housewares
utilidades_domesticas,housewares
utilidades_domesticas,housewares
utilidades_domesticas,housewares
utilidades_domesticas,housewares
utilidades_domesticas,housewares
utilidades_domesticas,housewares
utilidades_domesticas,housewares
utilidades_domesticas,housewares
utilidades_domesticas,housewares
utilidades_domesticas,housewares
utilidades_domesticas,housewares
utilidades_domesticas,housewares
utilidades_domesticas,housewares
utilidades_domesticas,housewares
utilidades_domesticas,housewares
utilidades_domesticas,housewares
utilidades_domesticas,housewares
utilidades_domesticas,housewares
utilidades_domesticas,housewares
utilidades_domesticas,housewares
utilidades_domesticas,housewares
utilidades_domesticas,housewares
utilidades_domesticas,housewares
utilidades_domesticas,housewares
utilidades_domesticas,housewares
utilidades_domesticas,housewares
utilidades_domesticas,housewares
utilidades_domesticas,housewares
utilidades_domesticas,housewares
utilidades_domesticas,housewares
utilidades_domesticas,housewares
utilidades_domesticas,housewares
utilidades_domesticas,housewares
utilidades_domesticas,housewares
utilidades_domesticas,housewares
utilidades_domesticas,housewares
utilidades_domesticas,housewares
utilidades_domesticas,housewares
utilidades_domesticas,housewares
utilidades_domesticas,housewares
utilidades_domesticas,housewares
utilidades_domesticas,housewares
utilidades_domesticas,housewares
utilidades_domesticas,housewares
utilidades_domesticas,housewares
utilidades_domesticas,housewares
utilidades_domesticas,housewares
utilidades_domesticas,housewares
utilidades_domesticas,housewares
utilidades_domesticas,housewares
utilidades_domesticas,housewares
utilidades_domesticas,housewares
utilidades_domesticas,housewares
utilidades_domesticas,housewares
utilidades_domesticas,housewares
utilidades_domesticas,housewares
utilidades_domesticas,housewares
utilidades_domesticas,housewares
utilidades_domesticas,housewares
utilidades_domesticas,housewares
utilidades_domesticas,housewares
utilidades_domesticas,housewares
utilidades_domesticas,housewares
utilidades_domesticas,housewares
utilidades_domesticas,housewares
utilidades_domesticas,housewares
utilidades_domesticas,housewares
utilidades_domesticas,housewares
utilidades_domesticas,housewares
utilidades_domesticas,housewares
utilidades_domesticas,housewares
utilidades_domesticas,housewares
utilidades_domesticas,housewares
utilidades_domesticas,housewares
utilidades_domesticas,housewares
utilidades_domesticas,housewares
utilidades_domesticas,housewares
utilidades_domesticas,housewares
utilidades_domesticas,housewares
utilidades_domesticas,housewares
utilidades_domesticas,housewares
utilidades_domesticas,housewares
utilidades_domesticas,housewares
utilidades_domesticas,housewares
utilidades_domesticas,housewares
utilidades_domesticas,housewares
utilidades_domesticas,housewares
utilidades_domesticas,housewares
utilidades_domesticas,housewares
utilidades_domesticas,housewares
utilidades_domesticas,housewares
utilidades_domesticas,housewares
utilidades_domesticas,housewares
utilidades_domesticas,housewares
utilidades_domesticas,housewares
utilidades_domesticas,housewares
utilidades_domesticas,housewares
utilidades_domesticas,housewares
utilidades_domesticas,housewares
utilidades_domesticas,housewares
utilidades_domesticas,housewares
utilidades_domesticas,housewares
utilidades_domesticas,housewares
utilidades_domesticas,housewares
utilidades_domesticas,housewares
utilidades_domesticas,housewares
utilidades_domesticas,housewares
utilidades_domesticas,housewares
utilidades_domesticas,housewares
utilidades_domesticas,housewares
utilidades_domesticas,housewares
utilidades_domesticas,housewares
utilidades_domesticas,housewares
utilidades_domesticas,housewares
utilidades_domesticas,housewares
utilidades_domesticas,housewares
utilidades_domesticas,housewares
utilidades_domesticas,housewares
utilidades_domesticas,housewares
utilidades_domesticas,housewares
utilidades_domesticas,housewares
utilidades_domesticas,housewares
utilidades_domesticas,housewares
utilidades_domesticas,housewares
utilidades_domesticas,housewares
utilidades_domesticas,housewares
utilidades_domesticas,housewares
utilidades_domesticas,housewares
utilidades_domesticas,housewares
utilidades_domesticas,housewares
utilidades_domesticas,housewares
utilidades_domesticas,housewares
utilidades_domesticas,housewares
utilidades_domesticas,housewares
utilidades_domesticas,housewares
utilidades_domesticas,housewares
utilidades_domesticas,housewares
utilidades_domesticas,housewares
utilidades_domesticas,housewares
utilidades_domesticas,housewares
utilidades_domesticas,housewares
utilidades_domesticas,housewares
utilidades_domesticas,housewares
utilidades_domesticas,housewares
utilidades_domesticas,housewares
utilidades_domesticas,housewares
utilidades_domesticas,housewares
utilidades_domesticas,housewares
utilidades_domesticas,housewares
utilidades_domesticas,housewares
utilidades_domesticas,housewares
utilidades_domesticas,housewares
utilidades_domesticas,housewares
utilidades_domesticas,housewares
utilidades_domesticas,housewares
utilidades_domesticas,housewares
utilidades_domesticas,housewares
utilidades_domesticas,housewares
utilidades_domesticas,housewares
utilidades_domesticas,housewares
utilidades_domesticas,housewares
utilidades_domesticas,housewares
utilidades_domesticas,housewares
utilidades_domesticas,housewares
utilidades_domesticas,housewares
utilidades_domesticas,housewares
utilidades_domesticas,housewares
utilidades_domesticas,housewares
utilidades_domesticas,housewares
utilidades_domesticas,housewares
utilidades_domesticas,housewares
utilidades_domesticas,housewares
utilidades_domesticas,housewares
utilidades_domesticas,housewares
utilidades_domesticas,housewares
utilidades_domesticas,housewares
utilidades_domesticas,housewares
utilidades_domesticas,housewares
utilidades_domesticas,housewares
utilidades_domesticas,housewares
utilidades_domesticas,housewares
utilidades_domesticas,housewares
utilidades_domesticas,housewares
utilidades_domesticas,housewares
utilidades_domesticas,housewares
utilidades_domesticas,housewares
utilidades_domesticas,housewares
utilidades_domesticas,housewares
utilidades_domesticas,housewares
utilidades_domesticas,housewares
utilidades_domesticas,housewares
utilidades_domesticas,housewares
utilidades_domesticas,housewares
utilidades_domesticas,housewares
utilidades_domesticas,housewares
utilidades_domesticas,housewares
utilidades_domesticas,housewares
utilidades_domesticas,housewares
utilidades_domesticas,housewares
utilidades_domesticas,housewares
utilidades_domesticas,housewares
utilidades_domesticas,housewares
utilidades_domesticas,housewares
utilidades_domesticas,housewares
utilidades_domesticas,housewares
utilidades_domesticas,housewares
utilidades_domesticas,housewares
utilidades_domesticas,housewares
utilidades_domesticas,housewares
utilidades_domesticas,housewares
utilidades_domesticas,housewares
utilidades_domesticas,housewares
utilidades_domesticas,housewares
utilidades_domesticas,housewares
utilidades_domesticas,housewares
utilidades_domesticas,housewares
utilidades_domesticas,housewares
utilidades_domesticas,housewares
utilidades_domesticas,housewares
utilidades_domesticas,housewares
utilidades_domesticas,housewares
utilidades_domesticas,housewares
utilidades_domesticas,housewares
utilidades_domesticas,housewares
utilidades_domesticas,housewares
utilidades_domesticas,housewares
utilidades_domesticas,housewares
utilidades_domesticas,housewares
utilidades_domesticas,housewares
utilidades_domesticas,housewares
utilidades_domesticas,housewares
utilidades_domesticas,housewares
utilidades_domesticas,housewares
utilidades_domesticas,housewares
utilidades_domesticas,housewares
utilidades_domesticas,housewares
utilidades_domesticas,housewares
utilidades_domesticas,housewares
utilidades_domesticas,housewares
utilidades_domesticas,housewares
utilidades_domesticas,housewares
utilidades_domesticas,housewares
utilidades_domesticas,housewares
utilidades_domesticas,housewares
utilidades_domesticas,housewares
utilidades_domesticas,housewares
utilidades_domesticas,housewares
utilidades_domesticas,housewares
utilidades_domesticas,housewares
utilidades_domesticas,housewares
utilidades_domesticas,housewares
utilidades_domesticas,housewares
utilidades_domesticas,housewares
utilidades_domesticas,housewares
utilidades_domesticas,housewares
utilidades_domesticas,housewares
utilidades_domesticas,housewares
utilidades_domesticas,housewares
utilidades_domesticas,housewares
utilidades_domesticas,housewares
utilidades_domesticas,housewares
utilidades_domesticas,housewares
utilidades_domesticas,housewares
utilidades_domesticas,housewares
utilidades_domesticas,housewares
utilidades_domesticas,housewares
utilidades_domesticas,housewares
utilidades_domesticas,housewares
utilidades_domesticas,housewares
utilidades_domesticas,housewares
utilidades_domesticas,housewares
utilidades_domesticas,housewares
utilidades_domesticas,housewares
utilidades_domesticas,housewares
utilidades_domesticas,housewares
utilidades_domesticas,housewares
utilidades_domesticas,housewares
utilidades_domesticas,housewares
utilidades_domesticas,housewares
utilidades_domesticas,housewares
bebes,baby
bebes,baby
bebes,baby
bebes,baby
bebes,baby
bebes,baby
bebes,baby
bebes,baby
bebes,baby
bebes,baby
bebes,baby
bebes,baby
bebes,baby
bebes,baby
bebes,baby
bebes,baby
bebes,baby
bebes,baby
bebes,baby
bebes,baby
bebes,baby
bebes,baby
bebes,baby
bebes,baby
bebes,baby
bebes,baby
bebes,baby
bebes,baby
bebes,baby
bebes,baby
bebes,baby
bebes,baby
bebes,baby
bebes,baby
bebes,baby
bebes,baby
bebes,baby
bebes,baby
bebes,baby
bebes,baby
bebes,baby
bebes,baby
bebes,baby
bebes,baby
bebes,baby
bebes,baby
bebes,baby
bebes,baby
bebes,baby
bebes,baby
bebes,baby
bebes,baby
bebes,baby
bebes,baby
bebes,baby
bebes,baby
bebes,baby
bebes,baby
bebes,baby
bebes,baby
bebes,baby
bebes,baby
bebes,baby
bebes,baby
bebes,baby
bebes,baby
bebes,baby
bebes,baby
bebes,baby
bebes,baby
bebes,baby
bebes,baby
bebes,baby
bebes,baby
bebes,baby
bebes,baby
bebes,baby
bebes,baby
bebes,baby
bebes,baby
bebes,baby
bebes,baby
bebes,baby
bebes,baby
bebes,baby
bebes,baby
bebes,baby
bebes,baby
bebes,baby
bebes,baby
bebes,baby
bebes,baby
bebes,baby
bebes,baby
bebes,baby
bebes,baby
bebes,baby
bebes,baby
bebes,baby
bebes,baby
bebes,baby
bebes,baby
bebes,baby
bebes,baby
bebes,baby
bebes,baby
bebes,baby
bebes,baby
bebes,baby
bebes,baby
bebes,baby
bebes,baby
bebes,baby
bebes,baby
bebes,baby
bebes,baby
bebes,baby
bebes,baby
bebes,baby
bebes,baby
bebes,baby
bebes,baby
bebes,baby
bebes,baby
bebes,baby
bebes,baby
bebes,baby
bebes,baby
bebes,baby
bebes,baby
bebes,baby
bebes,baby
bebes,baby
bebes,baby
bebes,baby
bebes,baby
bebes,baby
bebes,baby
bebes,baby
bebes,baby
bebes,baby
bebes,baby
bebes,baby
bebes,baby
bebes,baby
bebes,baby
bebes,baby
bebes,baby
bebes,baby
bebes,baby
bebes,baby
bebes,baby
bebes,baby
bebes,baby
bebes,baby
bebes,baby
bebes,baby
bebes,baby
bebes,baby
bebes,baby
bebes,baby
bebes,baby
bebes,baby
bebes,baby
bebes,baby
bebes,baby
bebes,baby
bebes,baby
bebes,baby
bebes,baby
bebes,baby
bebes,baby
bebes,baby
bebes,baby
bebes,baby
bebes,baby
bebes,baby
bebes,baby
bebes,baby
bebes,baby
bebes,baby
bebes,baby
bebes,baby
bebes,baby
bebes,baby
bebes,baby
bebes,baby
bebes,baby
cool_stuff,cool_stuff
cool_stuff,cool_stuff
cool_stuff,cool_stuff
cool_stuff,cool_stuff
cool_stuff,cool_stuff
cool_stuff,cool_stuff
cool_stuff,cool_stuff
cool_stuff,cool_stuff
cool_stuff,cool_stuff
cool_stuff,cool_stuff
cool_stuff,cool_stuff
cool_stuff,cool_stuff
cool_stuff,cool_stuff
cool_stuff,cool_stuff
cool_stuff,cool_stuff
cool_stuff,cool_stuff
cool_stuff,cool_stuff
cool_stuff,cool_stuff
cool_stuff,cool_stuff
cool_stuff,cool_stuff
cool_stuff,cool_stuff
cool_stuff,cool_stuff
cool_stuff,cool_stuff
cool_stuff,cool_stuff
cool_stuff,cool_stuff
cool_stuff,cool_stuff
cool_stuff,cool_stuff
cool_stuff,cool_stuff
cool_stuff,cool_stuff
cool_stuff,cool_stuff
cool_stuff,cool_stuff
cool_stuff,cool_stuff
cool_stuff,cool_stuff
cool_stuff,cool_stuff
cool_stuff,cool_stuff
cool_stuff,cool_stuff
cool_stuff,cool_stuff
cool_stuff,cool_stuff
cool_stuff,cool_stuff
cool_stuff,cool_stuff
cool_stuff,cool_stuff
cool_stuff,cool_stuff
cool_stuff,cool_stuff
cool_stuff,cool_stuff
cool_stuff,cool_stuff
cool_stuff,cool_stuff
cool_stuff,cool_stuff
cool_stuff,cool_stuff
cool_stuff,cool_stuff
cool_stuff,cool_stuff
cool_stuff,cool_stuff
cool_stuff,cool_stuff
cool_stuff,cool_stuff
cool_stuff,cool_stuff
cool_stuff,cool_stuff
cool_stuff,cool_stuff
cool_stuff,cool_stuff
cool_stuff,cool_stuff
cool_stuff,cool_stuff
cool_stuff,cool_stuff
cool_stuff,cool_stuff
cool_stuff,cool_stuff
cool_stuff,cool_stuff
cool_stuff,cool_stuff
cool_stuff,cool_stuff
cool_stuff,cool_stuff
cool_stuff,cool_stuff
cool_stuff,cool_stuff
cool_stuff,cool_stuff
cool_stuff,cool_stuff
cool_stuff,cool_stuff
cool_stuff,cool_stuff
cool_stuff,cool_stuff
cool_stuff,cool_stuff
cool_stuff,cool_stuff
cool_stuff,cool_stuff
cool_stuff,cool_stuff
cool_stuff,cool_stuff
cool_stuff,cool_stuff
cool_stuff,cool_stuff
cool_stuff,cool_stuff
cool_stuff,cool_stuff
cool_stuff,cool_stuff
cool_stuff,cool_stuff
cool_stuff,cool_stuff
cool_stuff,cool_stuff
cool_stuff,cool_stuff
cool_stuff,cool_stuff
cool_stuff,cool_stuff
cool_stuff,cool_stuff
cool_stuff,cool_stuff
cool_stuff,cool_stuff
cool_stuff,cool_stuff
cool_stuff,cool_stuff
cool_stuff,cool_stuff
cool_stuff,cool_stuff
cool_stuff,cool_stuff
cool_stuff,cool_stuff
cool_stuff,cool_stuff
cool_stuff,cool_stuff
cool_stuff,cool_stuff
cool_stuff,cool_stuff
cool_stuff,cool_stuff
cool_stuff,cool_stuff
cool_stuff,cool_stuff
cool_stuff,cool_stuff
cool_stuff,cool_stuff
cool_stuff,cool_stuff
cool_stuff,cool_stuff
cool_stuff,cool_stuff
cool_stuff,cool_stuff
cool_stuff,cool_stuff
cool_stuff,cool_stuff
cool_stuff,cool_stuff
cool_stuff,cool_stuff
cool_stuff,cool_stuff
cool_stuff,cool_stuff
cool_stuff,cool_stuff
cool_stuff,cool_stuff
cool_stuff,cool_stuff
cool_stuff,cool_stuff
cool_stuff,cool_stuff
cool_stuff,cool_stuff
cool_stuff,cool_stuff
cool_stuff,cool_stuff
cool_stuff,cool_stuff
cool_stuff,cool_stuff
cool_stuff,cool_stuff
cool_stuff,cool_stuff
cool_stuff,cool_stuff
cool_stuff,cool_stuff
cool_stuff,cool_stuff
cool_stuff,cool_stuff
cool_stuff,cool_stuff
cool_stuff,cool_stuff
cool_stuff,cool_stuff
cool_stuff,cool_stuff
cool_stuff,cool_stuff
cool_stuff,cool_stuff
cool_stuff,cool_stuff
cool_stuff,cool_stuff
cool_stuff,cool_stuff
cool_stuff,cool_stuff
cool_stuff,cool_stuff
cool_stuff,cool_stuff
cool_stuff,cool_stuff
cool_stuff,cool_stuff
cool_stuff,cool_stuff
cool_stuff,cool_stuff
cool_stuff,cool_stuff
cool_stuff,cool_stuff
cool_stuff,cool_stuff
cool_stuff,cool_stuff
cool_stuff,cool_stuff
cool_stuff,cool_stuff
esporte_lazer,sports_leisure
esporte_lazer,sports_leisure
esporte_lazer,sports_leisure
esporte_lazer,sports_leisure
esporte_lazer,sports_leisure
esporte_lazer,sports_leisure
esporte_lazer,sports_leisure
esporte_lazer,sports_leisure
esporte_lazer,sports_leisure
esporte_lazer,sports_leisure
esporte_lazer,sports_leisure
esporte_lazer,sports_leisure
esporte_lazer,sports_leisure
esporte_lazer,sports_leisure
esporte_lazer,sports_leisure
esporte_lazer,sports_leisure
esporte_lazer,sports_leisure
esporte_lazer,sports_leisure
esporte_lazer,sports_leisure
esporte_lazer,sports_leisure
esporte_lazer,sports_leisure
esporte_lazer,sports_leisure
esporte_lazer,sports_leisure
esporte_lazer,sports_leisure
esporte_lazer,sports_leisure
esporte_lazer,sports_leisure
esporte_lazer,sports_leisure
esporte_lazer,sports_leisure
esporte_lazer,sports_leisure
esporte_lazer,sports_leisure
esporte_lazer,sports_leisure
esporte_lazer,sports_leisure
esporte_lazer,sports_leisure
esporte_lazer,sports_leisure
esporte_lazer,sports_leisure
esporte_lazer,sports_leisure
esporte_lazer,sports_leisure
esporte_lazer,sports_leisure
esporte_lazer,sports_leisure
esporte_lazer,sports_leisure
esporte_lazer,sports_leisure
esporte_lazer,sports_leisure
esporte_lazer,sports_leisure
esporte_lazer,sports_leisure
esporte_lazer,sports_leisure
esporte_lazer,sports_leisure
esporte_lazer,sports_leisure
esporte_lazer,sports_leisure
esporte_lazer,sports_leisure
esporte_lazer,sports_leisure
esporte_lazer,sports_leisure
esporte_lazer,sports_leisure
esporte_lazer,sports_leisure
esporte_lazer,sports_leisure
esporte_lazer,sports_leisure
esporte_lazer,sports_leisure
esporte_lazer,sports_leisure
esporte_lazer,sports_leisure
esporte_lazer,sports_leisure
esporte_lazer,sports_leisure
esporte_lazer,sports_leisure
esporte_lazer,sports_leisure
esporte_lazer,sports_leisure
esporte_lazer,sports_leisure
esporte_lazer,sports_leisure
esporte_lazer,sports_leisure
esporte_lazer,sports_leisure
esporte_lazer,sports_leisure
esporte_lazer,sports_leisure
esporte_lazer,sports_leisure
esporte_lazer,sports_leisure
esporte_lazer,sports_leisure
esporte_lazer,sports_leisure
esporte_lazer,sports_leisure
esporte_lazer,sports_leisure
esporte_lazer,sports_leisure
esporte_lazer,sports_leisure
esporte_lazer,sports_leisure
esporte_lazer,sports_leisure
esporte_lazer,sports_leisure
esporte_lazer,sports_leisure
esporte_lazer,sports_leisure
esporte_lazer,sports_leisure
esporte_lazer,sports_leisure
esporte_lazer,sports_leisure
esporte_lazer,sports_leisure
esporte_lazer,sports_leisure
esporte_lazer,sports_leisure
esporte_lazer,sports_leisure
esporte_lazer,sports_leisure
esporte_lazer,sports_leisure
esporte_lazer,sports_leisure
esporte_lazer,sports_leisure
esporte_lazer,sports_leisure
esporte_lazer,sports_leisure
esporte_lazer,sports_leisure
esporte_lazer,sports_leisure
esporte_lazer,sports_leisure
esporte_lazer,sports_leisure
esporte_lazer,sports_leisure
esporte_lazer,sports_leisure
esporte_lazer,sports_leisure
esporte_lazer,sports_leisure
esporte_lazer,sports_leisure
esporte_lazer,sports_leisure
esporte_lazer,sports_leisure
esporte_lazer,sports_leisure
esporte_lazer,sports_leisure
esporte_lazer,sports_leisure
esporte_lazer,sports_leisure
esporte_lazer,sports_leisure
esporte_lazer,sports_leisure
esporte_lazer,sports_leisure
esporte_lazer,sports_leisure
esporte_lazer,sports_leisure
esporte_lazer,sports_leisure
esporte_lazer,sports_leisure
esporte_lazer,sports_leisure
esporte_lazer,sports_leisure
esporte_lazer,sports_leisure
esporte_lazer,sports_leisure
esporte_lazer,sports_leisure
esporte_lazer,sports_leisure
esporte_lazer,sports_leisure
esporte_lazer,sports_leisure
esporte_lazer,sports_leisure
esporte_lazer,sports_leisure
esporte_lazer,sports_leisure
esporte_lazer,sports_leisure
esporte_lazer,sports_leisure
esporte_lazer,sports_leisure
esporte_lazer,sports_leisure
esporte_lazer,sports_leisure
esporte_lazer,sports_leisure
esporte_lazer,sports_leisure
esporte_lazer,sports_leisure
esporte_lazer,sports_leisure
esporte_lazer,sports_leisure
esporte_lazer,sports_leisure
esporte_lazer,sports_leisure
esporte_lazer,sports_leisure
esporte_lazer,sports_leisure
esporte_lazer,sports_leisure
esporte_lazer,sports_leisure
esporte_lazer,sports_leisure
esporte_lazer,sports_leisure
esporte_lazer,sports_leisure
esporte_lazer,sports_leisure
esporte_lazer,sports_leisure
esporte_lazer,sports_leisure
esporte_lazer,sports_leisure
esporte_lazer,sports_leisure
esporte_lazer,sports_leisure
esporte_lazer,sports_leisure
esporte_lazer,sports_leisure
esporte_lazer,sports_leisure
esporte_lazer,sports_leisure
esporte_lazer,sports_leisure
esporte_lazer,sports_leisure
esporte_lazer,sports_leisure
esporte_lazer,sports_leisure
esporte_lazer,sports_leisure
esporte_lazer,sports_leisure
esporte_lazer,sports_leisure
esporte_lazer,sports_leisure
esporte_lazer,sports_leisure
esporte_lazer,sports_leisure
esporte_lazer,sports_leisure
esporte_lazer,sports_leisure
esporte_lazer,sports_leisure
esporte_lazer,sports_leisure
esporte_lazer,sports_leisure
esporte_lazer,sports_leisure
esporte_lazer,sports_leisure
esporte_lazer,sports_leisure
esporte_lazer,sports_leisure
esporte_lazer,sports_leisure
esporte_lazer,sports_leisure
esporte_lazer,sports_leisure
esporte_lazer,sports_leisure
esporte_lazer,sports_leisure
esporte_lazer,sports_leisure
esporte_lazer,sports_leisure
esporte_lazer,sports_leisure
esporte_lazer,sports_leisure
esporte_lazer,sports_leisure
esporte_lazer,sports_leisure
esporte_lazer,sports_leisure
esporte_lazer,sports_leisure
esporte_lazer,sports_leisure
esporte_lazer,sports_leisure
esporte_lazer,sports_leisure
esporte_lazer,sports_leisure
esporte_lazer,sports_leisure
esporte_lazer,sports_leisure
esporte_lazer,sports_leisure
esporte_lazer,sports_leisure
esporte_lazer,sports_leisure
esporte_lazer,sports_leisure
esporte_lazer,sports_leisure
esporte_lazer,sports_leisure
esporte_lazer,sports_leisure
esporte_lazer,sports_leisure
esporte_lazer,sports_leisure
esporte_lazer,sports_leisure
esporte_lazer,sports_leisure
esporte_lazer,sports_leisure
esporte_lazer,sports_leisure
esporte_lazer,sports_leisure
esporte_lazer,sports_leisure
esporte_lazer,sports_leisure
esporte_lazer,sports_leisure
esporte_lazer,sports_leisure
esporte_lazer,sports_leisure
esporte_lazer,sports_leisure
esporte_lazer,sports_leisure
esporte_lazer,sports_leisure
esporte_lazer,sports_leisure
esporte_lazer,sports_leisure
esporte_lazer,sports_leisure
esporte_lazer,sports_leisure
esporte_lazer,sports_leisure
esporte_lazer,sports_leisure
esporte_lazer,sports_leisure
esporte_lazer,sports_leisure
esporte_lazer,sports_leisure
esporte_lazer,sports_leisure
esporte_lazer,sports_leisure
esporte_lazer,sports_leisure
esporte_lazer,sports_leisure
esporte_lazer,sports_leisure
esporte_lazer,sports_leisure
esporte_lazer,sports_leisure
esporte_lazer,sports_leisure
esporte_lazer,sports_leisure
esporte_lazer,sports_leisure
esporte_lazer,sports_leisure
esporte_lazer,sports_leisure
esporte_lazer,sports_leisure
esporte_lazer,sports_leisure
esporte_lazer,sports_leisure
esporte_lazer,sports_leisure
esporte_lazer,sports_leisure
esporte_lazer,sports_leisure
esporte_lazer,sports_leisure
esporte_lazer,sports_leisure
esporte_lazer,sports_leisure
esporte_lazer,sports_leisure
esporte_lazer,sports_leisure
esporte_lazer,sports_leisure
esporte_lazer,sports_leisure
esporte_lazer,sports_leisure
esporte_lazer,sports_leisure
esporte_lazer,sports_leisure
esporte_lazer,sports_leisure
esporte_lazer,sports_leisure
esporte_lazer,sports_leisure
esporte_lazer,sports_leisure
esporte_lazer,sports_leisure
esporte_lazer,sports_leisure
esporte_lazer,sports_leisure
esporte_lazer,sports_leisure
esporte_lazer,sports_leisure
esporte_lazer,sports_leisure
esporte_lazer,sports_leisure
esporte_lazer,sports_leisure
esporte_lazer,sports_leisure
esporte_lazer,sports_leisure
esporte_lazer,sports_leisure
esporte_lazer,sports_leisure
esporte_lazer,sports_leisure
esporte_lazer,sports_leisure
esporte_lazer,sports_leisure
esporte_lazer,sports_leisure
esporte_lazer,sports_leisure
esporte_lazer,sports_leisure
esporte_lazer,sports_leisure
esporte_lazer,sports_leisure
esporte_lazer,sports_leisure
esporte_lazer,sports_leisure
esporte_lazer,sports_leisure
esporte_lazer,sports_leisure
esporte_lazer,sports_leisure
esporte_lazer,sports_leisure
esporte_lazer,sports_leisure
esporte_lazer,sports_leisure
esporte_lazer,sports_leisure
esporte_lazer,sports_leisure
esporte_lazer,sports_leisure
esporte_lazer,sports_leisure
esporte_lazer,sports_leisure
esporte_lazer,sports_leisure
esporte_lazer,sports_leisure
esporte_lazer,sports_leisure
esporte_lazer,sports_leisure
esporte_lazer,sports_leisure
esporte_lazer,sports_leisure
esporte_lazer,sports_leisure
esporte_lazer,sports_leisure
esporte_lazer,sports_leisure
esporte_lazer,sports_leisure
esporte_lazer,sports_leisure
esporte_lazer,sports_leisure
esporte_lazer,sports_leisure
esporte_lazer,sports_leisure
esporte_lazer,sports_leisure
esporte_lazer,sports_leisure
esporte_lazer,sports_leisure
esporte_lazer,sports_leisure
esporte_lazer,sports_leisure
esporte_lazer,sports_leisure
esporte_lazer,sports_leisure
esporte_lazer,sports_leisure
esporte_lazer,sports_leisure
esporte_lazer,sports_leisure
esporte_lazer,sports_leisure
esporte_lazer,sports_leisure
esporte_lazer,sports_leisure
esporte_lazer,sports_leisure
esporte_lazer,sports_leisure
esporte_lazer,sports_leisure
esporte_lazer,sports_leisure
esporte_lazer,sports_leisure
esporte_lazer,sports_leisure
esporte_lazer,sports_leisure
esporte_lazer,sports_leisure
brinquedos,toys
brinquedos,toys
brinquedos,toys
brinquedos,toys
brinquedos,toys
brinquedos,toys
brinquedos,toys
brinquedos,toys
brinquedos,toys
brinquedos,toys
brinquedos,toys
brinquedos,toys
brinquedos,toys
brinquedos,toys
brinquedos,toys
brinquedos,toys
brinquedos,toys
brinquedos,toys
brinquedos,toys
brinquedos,toys
brinquedos,toys
brinquedos,toys
brinquedos,toys
brinquedos,toys
brinquedos,toys
brinquedos,toys
brinquedos,toys
brinquedos,toys
brinquedos,toys
brinquedos,toys
brinquedos,toys
brinquedos,toys
brinquedos,toys
brinquedos,toys
brinquedos,toys
brinquedos,toys
brinquedos,toys
brinquedos,toys
brinquedos,toys
brinquedos,toys
brinquedos,toys
brinquedos,toys
brinquedos,toys
brinquedos,toys
brinquedos,toys
brinquedos,toys
brinquedos,toys
brinquedos,toys
brinquedos,toys
brinquedos,toys
brinquedos,toys
brinquedos,toys
brinquedos,toys
brinquedos,toys
brinquedos,toys
brinquedos,toys
brinquedos,toys
brinquedos,toys
brinquedos,toys
brinquedos,toys
brinquedos,toys
brinquedos,toys
brinquedos,toys
brinquedos,toys
brinquedos,toys
brinquedos,toys
brinquedos,toys
brinquedos,toys
brinquedos,toys
brinquedos,toys
brinquedos,toys
brinquedos,toys
brinquedos,toys
brinquedos,toys
brinquedos,toys
brinquedos,toys
brinquedos,toys
brinquedos,toys
brinquedos,toys
brinquedos,toys
brinquedos,toys
brinquedos,toys
brinquedos,toys
brinquedos,toys
brinquedos,toys
brinquedos,toys
brinquedos,toys
brinquedos,toys
brinquedos,toys
brinquedos,toys
brinquedos,toys
brinquedos,toys
brinquedos,toys
brinquedos,toys
brinquedos,toys
brinquedos,toys
brinquedos,toys
brinquedos,toys
brinquedos,toys
moveis_decoracao,furniture_decor
moveis_decoracao,furniture_decor
moveis_decoracao,furniture_decor
moveis_decoracao,furniture_decor
moveis_decoracao,furniture_decor
moveis_decoracao,furniture_decor
moveis_decoracao,furniture_decor
moveis_decoracao,furniture_decor
moveis_decoracao,furniture_decor
moveis_decoracao,furniture_decor
moveis_decoracao,furniture_decor
moveis_decoracao,furniture_decor
moveis_decoracao,furniture_decor
moveis_decoracao,furniture_decor
moveis_decoracao,furniture_decor
moveis_decoracao,furniture_decor
moveis_decoracao,furniture_decor
moveis_decoracao,furniture_decor
moveis_decoracao,furniture_decor
moveis_decoracao,furniture_decor
moveis_decoracao,furniture_decor
moveis_decoracao,furniture_decor
moveis_decoracao,furniture_decor
moveis_decoracao,furniture_decor
moveis_decoracao,furniture_decor
moveis_decoracao,furniture_decor
moveis_decoracao,furniture_decor
moveis_decoracao,furniture_decor
moveis_decoracao,furniture_decor
moveis_decoracao,furniture_decor
moveis_decoracao,furniture_decor
moveis_decoracao,furniture_decor
moveis_decoracao,furniture_decor
moveis_decoracao,furniture_decor
moveis_decoracao,furniture_decor
moveis_decoracao,furniture_decor
moveis_decoracao,furniture_decor
moveis_decoracao,furniture_decor
moveis_decoracao,furniture_decor
moveis_decoracao,furniture_decor
moveis_decoracao,furniture_decor
moveis_decoracao,furniture_decor
moveis_decoracao,furniture_decor
moveis_decoracao,furniture_decor
moveis_decoracao,furniture_decor
moveis_decoracao,furniture_decor
moveis_decoracao,furniture_decor
moveis_decoracao,furniture_decor
moveis_decoracao,furniture_decor
moveis_decoracao,furniture_decor
moveis_decoracao,furniture_decor
moveis_decoracao,furniture_decor
moveis_decoracao,furniture_decor
moveis_decoracao,furniture_decor
moveis_decoracao,furniture_decor
moveis_decoracao,furniture_decor
moveis_decoracao,furniture_decor
moveis_decoracao,furniture_decor
moveis_decoracao,furniture_decor
moveis_decoracao,furniture_decor
moveis_decoracao,furniture_decor
moveis_decoracao,furniture_decor
moveis_decoracao,furniture_decor
moveis_decoracao,furniture_decor
moveis_decoracao,furniture_decor
moveis_decoracao,furniture_decor
moveis_decoracao,furniture_decor
moveis_decoracao,furniture_decor
moveis_decoracao,furniture_decor
moveis_decoracao,furniture_decor
moveis_decoracao,furniture_decor
moveis_decoracao,furniture_decor
moveis_decoracao,furniture_decor
moveis_decoracao,furniture_decor
moveis_decoracao,furniture_decor
moveis_decoracao,furniture_decor
moveis_decoracao,furniture_decor
moveis_decoracao,furniture_decor
moveis_decoracao,furniture_decor
moveis_decoracao,furniture_decor
moveis_decoracao,furniture_decor
moveis_decoracao,furniture_decor
moveis_decoracao,furniture_decor
moveis_decoracao,furniture_decor
moveis_decoracao,furniture_decor
moveis_decoracao,furniture_decor
moveis_decoracao,furniture_decor
moveis_decoracao,furniture_decor
moveis_decoracao,furniture_decor
moveis_decoracao,furniture_decor
moveis_decoracao,furniture_decor
moveis_decoracao,furniture_decor
moveis_decoracao,furniture_decor
moveis_decoracao,furniture_decor
moveis_decoracao,furniture_decor
moveis_decoracao,furniture_decor
moveis_decoracao,furniture_decor
moveis_decoracao,furniture_decor
moveis_decoracao,furniture_decor
moveis_decoracao,furniture_decor
moveis_decoracao,furniture_decor
moveis_decoracao,furniture_decor
moveis_decoracao,furniture_decor
moveis_decoracao,furniture_decor
moveis_decoracao,furniture_decor
moveis_decoracao,furniture_decor
moveis_decoracao,furniture_decor
moveis_decoracao,furniture_decor
moveis_decoracao,furniture_decor
moveis_decoracao,furniture_decor
moveis_decoracao,furniture_decor
moveis_decoracao,furniture_decor
moveis_decoracao,furniture_decor
moveis_decoracao,furniture_decor
moveis_decoracao,furniture_decor
moveis_decoracao,furniture_decor
moveis_decoracao,furniture_decor
moveis_decoracao,furniture_decor
moveis_decoracao,furniture_decor
moveis_decoracao,furniture_decor
moveis_decoracao,furniture_decor
moveis_decoracao,furniture_decor
moveis_decoracao,furniture_decor
moveis_decoracao,furniture_decor
moveis_decoracao,furniture_decor
moveis_decoracao,furniture_decor
moveis_decoracao,furniture_decor
moveis_decoracao,furniture_decor
moveis_decoracao,furniture_decor
moveis_decoracao,furniture_decor
moveis_decoracao,furniture_decor
moveis_decoracao,furniture_decor
moveis_decoracao,furniture_decor
moveis_decoracao,furniture_decor
moveis_decoracao,furniture_decor
moveis_decoracao,furniture_decor
moveis_decoracao,furniture_decor
moveis_decoracao,furniture_decor
moveis_decoracao,furniture_decor
moveis_decoracao,furniture_decor
moveis_decoracao,furniture_decor
moveis_decoracao,furniture_decor
moveis_decoracao,furniture_decor
moveis_decoracao,furniture_decor
moveis_decoracao,furniture_decor
moveis_decoracao,furniture_decor
moveis_decoracao,furniture_decor
moveis_decoracao,furniture_decor
moveis_decoracao,furniture_decor
moveis_decoracao,furniture_decor
moveis_decoracao,furniture_decor
moveis_decoracao,furniture_decor
moveis_decoracao,furniture_decor
moveis_decoracao,furniture_decor
moveis_decoracao,furniture_decor
moveis_decoracao,furniture_decor
moveis_decoracao,furniture_decor
moveis_decoracao,furniture_decor
moveis_decoracao,furniture_decor
moveis_decoracao,furniture_decor
moveis_decoracao,furniture_decor
moveis_decoracao,furniture_decor
moveis_decoracao,furniture_decor
moveis_decoracao,furniture_decor
moveis_decoracao,furniture_decor
moveis_decoracao,furniture_decor
moveis_decoracao,furniture_decor
moveis_decoracao,furniture_decor
moveis_decoracao,furniture_decor
moveis_decoracao,furniture_decor
moveis_decoracao,furniture_decor
moveis_decoracao,furniture_decor
moveis_decoracao,furniture_decor
moveis_decoracao,furniture_decor
moveis_decoracao,furniture_decor
moveis_decoracao,furniture_decor
moveis_decoracao,furniture_decor
moveis_decoracao,furniture_decor
moveis_decoracao,furniture_decor
moveis_decoracao,furniture_decor
moveis_decoracao,furniture_decor
moveis_decoracao,furniture_decor
moveis_decoracao,furniture_decor
moveis_decoracao,furniture_decor
moveis_decoracao,furniture_decor
moveis_decoracao,furniture_decor
moveis_decoracao,furniture_decor
moveis_decoracao,furniture_decor
moveis_decoracao,furniture_decor
moveis_decoracao,furniture_decor
moveis_decoracao,furniture_decor
moveis_decoracao,furniture_decor
moveis_decoracao,furniture_decor
moveis_decoracao,furniture_decor
moveis_decoracao,furniture_decor
moveis_decoracao,furniture_decor
moveis_decoracao,furniture_decor
moveis_decoracao,furniture_decor
moveis_decoracao,furniture_decor
moveis_decoracao,furniture_decor
moveis_decoracao,furniture_decor
moveis_decoracao,furniture_decor
moveis_decoracao,furniture_decor
moveis_decoracao,furniture_decor
moveis_decoracao,furniture_decor
moveis_decoracao,furniture_decor
moveis_decoracao,furniture_decor
moveis_decoracao,furniture_decor
moveis_decoracao,furniture_decor
moveis_decoracao,furniture_decor
moveis_decoracao,furniture_decor
moveis_decoracao,furniture_decor
moveis_decoracao,furniture_decor
moveis_decoracao,furniture_decor
moveis_decoracao,furniture_decor
moveis_decoracao,furniture_decor
moveis_decoracao,furniture_decor
moveis_decoracao,furniture_decor
moveis_decoracao,furniture_decor
moveis_decoracao,furniture_decor
moveis_decoracao,furniture_decor
moveis_decoracao,furniture_decor
moveis_decoracao,furniture_decor
perfumaria,perfumery
perfumaria,perfumery
perfumaria,perfumery
perfumaria,perfumery
perfumaria,perfumery
perfumaria,perfumery
perfumaria,perfumery
perfumaria,perfumery
perfumaria,perfumery
perfumaria,perfumery
perfumaria,perfumery
perfumaria,perfumery
perfumaria,perfumery
perfumaria,perfumery
perfumaria,perfumery
perfumaria,perfumery
perfumaria,perfumery
perfumaria,perfumery
perfumaria,perfumery
perfumaria,perfumery
perfumaria,perfumery
perfumaria,perfumery
perfumaria,perfumery
perfumaria,perfumery
perfumaria,perfumery
perfumaria,perfumery
perfumaria,perfumery
perfumaria,perfumery
perfumaria,perfumery
perfumaria,perfumery
perfumaria,perfumery
perfumaria,perfumery
perfumaria,perfumery
perfumaria,perfumery
perfumaria,perfumery
perfumaria,perfumery
perfumaria,perfumery
perfumaria,perfumery
perfumaria,perfumery
perfumaria,perfumery
perfumaria,perfumery
perfumaria,perfumery
perfumaria,perfumery
perfumaria,perfumery
perfumaria,perfumery
perfumaria,perfumery
perfumaria,perfumery
perfumaria,perfumery
perfumaria,perfumery
perfumaria,perfumery
perfumaria,perfumery
perfumaria,perfumery
perfumaria,perfumery
perfumaria,perfumery
perfumaria,perfumery
perfumaria,perfumery
perfumaria,perfumery
perfumaria,perfumery
perfumaria,perfumery
perfumaria,perfumery
perfumaria,perfumery
perfumaria,perfumery
perfumaria,perfumery
perfumaria,perfumery
perfumaria,perfumery
perfumaria,perfumery
perfumaria,perfumery
perfumaria,perfumery
perfumaria,perfumery
perfumaria,perfumery
perfumaria,perfumery
perfumaria,perfumery
perfumaria,perfumery
perfumaria,perfumery
perfumaria,perfumery
perfumaria,perfumery
perfumaria,perfumery
perfumaria,perfumery
perfumaria,perfumery
perfumaria,perfumery
perfumaria,perfumery
perfumaria,perfumery
perfumaria,perfumery
perfumaria,perfumery
perfumaria,perfumery
perfumaria,perfumery
perfumaria,perfumery
perfumaria,perfumery
perfumaria,perfumery
perfumaria,perfumery
perfumaria,perfumery
perfumaria,perfumery
perfumaria,perfumery
perfumaria,perfumery
perfumaria,perfumery
perfumaria,perfumery
perfumaria,perfumery
perfumaria,perfumery
perfumaria,perfumery
perfumaria,perfumery
perfumaria,perfumery
perfumaria,perfumery
perfumaria,perfumery
perfumaria,perfumery
perfumaria,perfumery
perfumaria,perfumery
perfumaria,perfumery
perfumaria,perfumery
perfumaria,perfumery
perfumaria,perfumery
perfumaria,perfumery
perfumaria,perfumery
perfumaria,perfumery
perfumaria,perfumery
perfumaria,perfumery
perfumaria,perfumery
perfumaria,perfumery
perfumaria,perfumery
perfumaria,perfumery
perfumaria,perfumery
beleza_saude,health_beauty
beleza_saude,health_beauty
beleza_saude,health_beauty
beleza_saude,health_beauty
beleza_saude,health_beauty
beleza_saude,health_beauty
beleza_saude,health_beauty
beleza_saude,health_beauty
beleza_saude,health_beauty
beleza_saude,health_beauty
beleza_saude,health_beauty
beleza_saude,health_beauty
beleza_saude,health_beauty
beleza_saude,health_beauty
beleza_saude,health_beauty
beleza_saude,health_beauty
beleza_saude,health_beauty
beleza_saude,health_beauty
beleza_saude,health_beauty
beleza_saude,health_beauty
beleza_saude,health_beauty
beleza_saude,health_beauty
beleza_saude,health_beauty
beleza_saude,health_beauty
beleza_saude,health_beauty
beleza_saude,health_beauty
beleza_saude,health_beauty
beleza_saude,health_beauty
beleza_saude,health_beauty
beleza_saude,health_beauty
beleza_saude,health_beauty
beleza_saude,health_beauty
beleza_saude,health_beauty
beleza_saude,health_beauty
beleza_saude,health_beauty
beleza_saude,health_beauty
beleza_saude,health_beauty
beleza_saude,health_beauty
beleza_saude,health_beauty
beleza_saude,health_beauty
beleza_saude,health_beauty
beleza_saude,health_beauty
beleza_saude,health_beauty
beleza_saude,health_beauty
beleza_saude,health_beauty
beleza_saude,health_beauty
beleza_saude,health_beauty
beleza_saude,health_beauty
beleza_saude,health_beauty
beleza_saude,health_beauty
beleza_saude,health_beauty
beleza_saude,health_beauty
beleza_saude,health_beauty
beleza_saude,health_beauty
beleza_saude,health_beauty
beleza_saude,health_beauty
beleza_saude,health_beauty
beleza_saude,health_beauty
beleza_saude,health_beauty
beleza_saude,health_beauty
beleza_saude,health_beauty
beleza_saude,health_beauty
beleza_saude,health_beauty
beleza_saude,health_beauty
beleza_saude,health_beauty
beleza_saude,health_beauty
beleza_saude,health_beauty
beleza_saude,health_beauty
beleza_saude,health_beauty
beleza_saude,health_beauty
beleza_saude,health_beauty
beleza_saude,health_beauty
beleza_saude,health_beauty
beleza_saude,health_beauty
beleza_saude,health_beauty
beleza_saude,health_beauty
beleza_saude,health_beauty
beleza_saude,health_beauty
beleza_saude,health_beauty
beleza_saude,health_beauty
beleza_saude,health_beauty
beleza_saude,health_beauty
beleza_saude,health_beauty
beleza_saude,health_beauty
beleza_saude,health_beauty
beleza_saude,health_beauty
beleza_saude,health_beauty
beleza_saude,health_beauty
beleza_saude,health_beauty
beleza_saude,health_beauty
beleza_saude,health_beauty
beleza_saude,health_beauty
beleza_saude,health_beauty
beleza_saude,health_beauty
beleza_saude,health_beauty
beleza_saude,health_beauty
beleza_saude,health_beauty
beleza_saude,health_beauty
beleza_saude,health_beauty
beleza_saude,health_beauty
beleza_saude,health_beauty
beleza_saude,health_beauty
beleza_saude,health_beauty
beleza_saude,health_beauty
beleza_saude,health_beauty
beleza_saude,health_beauty
beleza_saude,health_beauty
beleza_saude,health_beauty
beleza_saude,health_beauty
beleza_saude,health_beauty
beleza_saude,health_beauty
beleza_saude,health_beauty
beleza_saude,health_beauty
beleza_saude,health_beauty
beleza_saude,health_beauty
beleza_saude,health_beauty
beleza_saude,health_beauty
beleza_saude,health_beauty
beleza_saude,health_beauty
beleza_saude,health_beauty
beleza_saude,health_beauty
beleza_saude,health_beauty
beleza_saude,health_beauty
beleza_saude,health_beauty
beleza_saude,health_beauty
beleza_saude,health_beauty
beleza_saude,health_beauty
beleza_saude,health_beauty
beleza_saude,health_beauty
beleza_saude,health_beauty
beleza_saude,health_beauty
beleza_saude,health_beauty
beleza_saude,health_beauty
beleza_saude,health_beauty
beleza_saude,health_beauty
beleza_saude,health_beauty
beleza_saude,health_beauty
beleza_saude,health_beauty
beleza_saude,health_beauty
beleza_saude,health_beauty
beleza_saude,health_beauty
beleza_saude,health_beauty
beleza_saude,health_beauty
beleza_saude,health_beauty
beleza_saude,health_beauty
beleza_saude,health_beauty
beleza_saude,health_beauty
beleza_saude,health_beauty
beleza_saude,health_beauty
beleza_saude,health_beauty
beleza_saude,health_beauty
beleza_saude,health_beauty
beleza_saude,health_beauty
beleza_saude,health_beauty
beleza_saude,health_beauty
beleza_saude,health_beauty
beleza_saude,health_beauty
beleza_saude,health_beauty
beleza_saude,health_beauty
beleza_saude,health_beauty
beleza_saude,health_beauty
beleza_saude,health_beauty
beleza_saude,health_beauty
beleza_saude,health_beauty
beleza_saude,health_beauty
beleza_saude,health_beauty
beleza_saude,health_beauty
beleza_saude,health_beauty
beleza_saude,health_beauty
beleza_saude,health_beauty
beleza_saude,health_beauty
beleza_saude,health_beauty
beleza_saude,health_beauty
beleza_saude,health_beauty
beleza_saude,health_beauty
beleza_saude,health_beauty
beleza_saude,health_beauty
beleza_saude,health_beauty
beleza_saude,health_beauty
beleza_saude,health_beauty
beleza_saude,health_beauty
beleza_saude,health_beauty
beleza_saude,health_beauty
beleza_saude,health_beauty
beleza_saude,health_beauty
beleza_saude,health_beauty
beleza_saude,health_beauty
beleza_saude,health_beauty
beleza_saude,health_beauty
beleza_saude,health_beauty
beleza_saude,health_beauty
beleza_saude,health_beauty
beleza_saude,health_beauty
beleza_saude,health_beauty
beleza_saude,health_beauty
beleza_saude,health_beauty
beleza_saude,health_beauty
beleza_saude,health_beauty
beleza_saude,health_beauty
beleza_saude,health_beauty
beleza_saude,health_beauty
beleza_saude,health_beauty
beleza_saude,health_beauty
beleza_saude,health_beauty
beleza_saude,health_beauty
beleza_saude,health_beauty
beleza_saude,health_beauty
beleza_saude,health_beauty
beleza_saude,health_beauty
beleza_saude,health_beauty
beleza_saude,health_beauty
beleza_saude,health_beauty
beleza_saude,health_beauty
beleza_saude,health_beauty
beleza_saude,health_beauty
beleza_saude,health_beauty
beleza_saude,health_beauty
beleza_saude,health_beauty
beleza_saude,health_beauty
beleza_saude,health_beauty
beleza_saude,health_beauty
beleza_saude,health_beauty
beleza_saude,health_beauty
beleza_saude,health_beauty
beleza_saude,health_beauty
beleza_saude,health_beauty
beleza_saude,health_beauty
beleza_saude,health_beauty
beleza_saude,health_beauty
beleza_saude,health_beauty
beleza_saude,health_beauty
beleza_saude,health_beauty
beleza_saude,health_beauty
beleza_saude,health_beauty
beleza_saude,health_beauty
beleza_saude,health_beauty
beleza_saude,health_beauty
beleza_saude,health_beauty
beleza_saude,health_beauty
beleza_saude,health_beauty
beleza_saude,health_beauty
beleza_saude,health_beauty
beleza_saude,health_beauty
beleza_saude,health_beauty
beleza_saude,health_beauty
beleza_saude,health_beauty
beleza_saude,health_beauty
beleza_saude,health_beauty
beleza_saude,health_beauty
beleza_saude,health_beauty
beleza_saude,health_beauty
beleza_saude,health_beauty
beleza_saude,health_beauty
beleza_saude,health_beauty
beleza_saude,health_beauty
beleza_saude,health_beauty
beleza_saude,health_beauty
beleza_saude,health_beauty
musica,music
musica,music
musica,music
musica,music
musica,music
musica,music
musica,music
pet_shop,pet_shop
pet_shop,pet_shop
pet_shop,pet_shop
pet_shop,pet_shop
pet_shop,pet_shop
pet_shop,pet_shop
pet_shop,pet_shop
pet_shop,pet_shop
pet_shop,pet_shop
pet_shop,pet_shop
pet_shop,pet_shop
pet_shop,pet_shop
pet_shop,pet_shop
pet_shop,pet_shop
pet_shop,pet_shop
pet_shop,pet_shop
pet_shop,pet_shop
pet_shop,pet_shop
pet_shop,pet_shop
pet_shop,pet_shop
pet_shop,pet_shop
pet_shop,pet_shop
pet_shop,pet_shop
pet_shop,pet_shop
pet_shop,pet_shop
pet_shop,pet_shop
pet_shop,pet_shop
pet_shop,pet_shop
pet_shop,pet_shop
pet_shop,pet_shop
pet_shop,pet_shop
pet_shop,pet_shop
pet_shop,pet_shop
pet_shop,pet_shop
pet_shop,pet_shop
pet_shop,pet_shop
pet_shop,pet_shop
pet_shop,pet_shop
pet_shop,pet_shop
pet_shop,pet_shop
pet_shop,pet_shop
pet_shop,pet_shop
pet_shop,pet_shop
pet_shop,pet_shop
pet_shop,pet_shop
pet_shop,pet_shop
pet_shop,pet_shop
pet_shop,pet_shop
pet_shop,pet_shop
pet_shop,pet_shop
pet_shop,pet_shop
pet_shop,pet_shop
pet_shop,pet_shop
pet_shop,pet_shop
pet_shop,pet_shop
pet_shop,pet_shop
pet_shop,pet_shop
pet_shop,pet_shop
pet_shop,pet_shop
pet_shop,pet_shop
pet_shop,pet_shop
pet_shop,pet_shop
pet_shop,pet_shop
pet_shop,pet_shop
pet_shop,pet_shop
pet_shop,pet_shop
pet_shop,pet_shop
pet_shop,pet_shop
pet_shop,pet_shop
pet_shop,pet_shop
pet_shop,pet_shop
pet_shop,pet_shop
pet_shop,pet_shop
pet_shop,pet_shop
pet_shop,pet_shop
pet_shop,pet_shop
pet_shop,pet_shop
pcs,computers
pcs,computers
pcs,computers
pcs,computers
construcao_ferramentas_construcao,construction_tools_construction
construcao_ferramentas_construcao,construction_tools_construction
construcao_ferramentas_construcao,construction_tools_construction
construcao_ferramentas_construcao,construction_tools_construction
construcao_ferramentas_construcao,construction_tools_construction
construcao_ferramentas_construcao,construction_tools_construction
construcao_ferramentas_construcao,construction_tools_construction
construcao_ferramentas_construcao,construction_tools_construction
construcao_ferramentas_construcao,construction_tools_construction
construcao_ferramentas_construcao,construction_tools_construction
construcao_ferramentas_construcao,construction_tools_construction
construcao_ferramentas_construcao,construction_tools_construction
construcao_ferramentas_construcao,construction_tools_construction
construcao_ferramentas_construcao,construction_tools_construction
construcao_ferramentas_construcao,construction_tools_construction
construcao_ferramentas_construcao,construction_tools_construction
construcao_ferramentas_construcao,construction_tools_construction
construcao_ferramentas_construcao,construction_tools_construction
construcao_ferramentas_construcao,construction_tools_construction
construcao_ferramentas_construcao,construction_tools_construction
construcao_ferramentas_construcao,construction_tools_construction
construcao_ferramentas_construcao,construction_tools_construction
construcao_ferramentas_construcao,construction_tools_construction
construcao_ferramentas_construcao,construction_tools_construction
construcao_ferramentas_construcao,construction_tools_construction
construcao_ferramentas_construcao,construction_tools_construction
construcao_ferramentas_construcao,construction_tools_construction
construcao_ferramentas_construcao,construction_tools_construction
construcao_ferramentas_construcao,construction_tools_construction
construcao_ferramentas_construcao,construction_tools_construction
construcao_ferramentas_construcao,construction_tools_construction
construcao_ferramentas_construcao,construction_tools_construction
construcao_ferramentas_construcao,construction_tools_construction
construcao_ferramentas_construcao,construction_tools_construction
construcao_ferramentas_construcao,construction_tools_construction
construcao_ferramentas_construcao,construction_tools_construction
construcao_ferramentas_construcao,construction_tools_construction
construcao_ferramentas_construcao,construction_tools_construction
construcao_ferramentas_construcao,construction_tools_construction
construcao_ferramentas_construcao,construction_tools_construction
construcao_ferramentas_construcao,construction_tools_construction
construcao_ferramentas_construcao,construction_tools_construction
construcao_ferramentas_construcao,construction_tools_construction
construcao_ferramentas_construcao,construction_tools_construction
construcao_ferramentas_construcao,construction_tools_construction
construcao_ferramentas_construcao,construction_tools_construction
construcao_ferramentas_construcao,construction_tools_construction
construcao_ferramentas_construcao,construction_tools_construction
construcao_ferramentas_construcao,construction_tools_construction
construcao_ferramentas_construcao,construction_tools_construction
construcao_ferramentas_construcao,construction_tools_construction
construcao_ferramentas_construcao,construction_tools_construction
construcao_ferramentas_construcao,construction_tools_construction
construcao_ferramentas_construcao,construction_tools_construction
construcao_ferramentas_construcao,construction_tools_construction
construcao_ferramentas_construcao,construction_tools_construction
construcao_ferramentas_construcao,construction_tools_construction
construcao_ferramentas_construcao,construction_tools_construction
construcao_ferramentas_construcao,construction_tools_construction
construcao_ferramentas_construcao,construction_tools_construction
sinalizacao_e_seguranca,signaling_and_security
sinalizacao_e_seguranca,signaling_and_security
sinalizacao_e_seguranca,signaling_and_security
sinalizacao_e_seguranca,signaling_and_security
sinalizacao_e_seguranca,signaling_and_security
sinalizacao_e_seguranca,signaling_and_security
sinalizacao_e_seguranca,signaling_and_security
sinalizacao_e_seguranca,signaling_and_security
sinalizacao_e_seguranca,signaling_and_security
sinalizacao_e_seguranca,signaling_and_security
sinalizacao_e_seguranca,signaling_and_security
sinalizacao_e_seguranca,signaling_and_security
sinalizacao_e_seguranca,signaling_and_security
sinalizacao_e_seguranca,signaling_and_security
sinalizacao_e_seguranca,signaling_and_security
sinalizacao_e_seguranca,signaling_and_security
automotivo,auto
automotivo,auto
automotivo,auto
automotivo,auto
automotivo,auto
automotivo,auto
automotivo,auto
automotivo,auto
automotivo,auto
automotivo,auto
automotivo,auto
automotivo,auto
automotivo,auto
automotivo,auto
automotivo,auto
automotivo,auto
automotivo,auto
automotivo,auto
automotivo,auto
automotivo,auto
automotivo,auto
automotivo,auto
automotivo,auto
automotivo,auto
automotivo,auto
automotivo,auto
automotivo,auto
automotivo,auto
automotivo,auto
automotivo,auto
automotivo,auto
automotivo,auto
automotivo,auto
automotivo,auto
automotivo,auto
automotivo,auto
automotivo,auto
automotivo,auto
automotivo,auto
automotivo,auto
automotivo,auto
automotivo,auto
automotivo,auto
automotivo,auto
automotivo,auto
automotivo,auto
automotivo,auto
automotivo,auto
automotivo,auto
automotivo,auto
automotivo,auto
automotivo,auto
automotivo,auto
automotivo,auto
automotivo,auto
automotivo,auto
automotivo,auto
automotivo,auto
automotivo,auto
automotivo,auto
automotivo,auto
automotivo,auto
automotivo,auto
automotivo,auto
automotivo,auto
automotivo,auto
automotivo,auto
automotivo,auto
automotivo,auto
automotivo,auto
automotivo,auto
automotivo,auto
automotivo,auto
automotivo,auto
automotivo,auto
automotivo,auto
automotivo,auto
automotivo,auto
automotivo,auto
automotivo,auto
automotivo,auto
automotivo,auto
automotivo,auto
automotivo,auto
automotivo,auto
automotivo,auto
automotivo,auto
automotivo,auto
automotivo,auto
automotivo,auto
automotivo,auto
automotivo,auto
automotivo,auto
automotivo,auto
automotivo,auto
automotivo,auto
automotivo,auto
automotivo,auto
automotivo,auto
automotivo,auto
automotivo,auto
automotivo,auto
automotivo,auto
automotivo,auto
automotivo,auto
automotivo,auto
automotivo,auto
automotivo,auto
automotivo,auto
automotivo,auto
automotivo,auto
automotivo,auto
automotivo,auto
automotivo,auto
automotivo,auto
automotivo,auto
automotivo,auto
automotivo,auto
automotivo,auto
automotivo,auto
automotivo,auto
automotivo,auto
automotivo,auto
automotivo,auto
automotivo,auto
automotivo,auto
automotivo,auto
automotivo,auto
automotivo,auto
automotivo,auto
automotivo,auto
automotivo,auto
automotivo,auto
automotivo,auto
automotivo,auto
automotivo,auto
automotivo,auto
automotivo,auto
automotivo,auto
automotivo,auto
automotivo,auto
automotivo,auto
automotivo,auto
automotivo,auto
automotivo,auto
automotivo,auto
automotivo,auto
automotivo,auto
automotivo,auto
automotivo,auto
automotivo,auto
automotivo,auto
automotivo,auto
automotivo,auto
automotivo,auto
automotivo,auto
automotivo,auto
automotivo,auto
automotivo,auto
automotivo,auto
automotivo,auto
automotivo,auto
automotivo,auto
automotivo,auto
automotivo,auto
automotivo,auto
automotivo,auto
automotivo,auto
automotivo,auto
automotivo,auto
automotivo,auto
automotivo,auto
automotivo,auto
automotivo,auto
automotivo,auto
automotivo,auto
automotivo,auto
automotivo,auto
automotivo,auto
automotivo,auto
automotivo,auto
automotivo,auto
automotivo,auto
automotivo,auto
automotivo,auto
automotivo,auto
automotivo,auto
automotivo,auto
automotivo,auto
automotivo,auto
automotivo,auto
automotivo,auto
automotivo,auto
automotivo,auto
automotivo,auto
automotivo,auto
automotivo,auto
automotivo,auto
automotivo,auto
automotivo,auto
automotivo,auto
automotivo,auto
automotivo,auto
automotivo,auto
automotivo,auto
automotivo,auto
automotivo,auto
automotivo,auto
automotivo,auto
automotivo,auto
relogios_presentes,watches_gifts
relogios_presentes,watches_gifts
relogios_presentes,watches_gifts
relogios_presentes,watches_gifts
relogios_presentes,watches_gifts
relogios_presentes,watches_gifts
relogios_presentes,watches_gifts
relogios_presentes,watches_gifts
relogios_presentes,watches_gifts
relogios_presentes,watches_gifts
relogios_presentes,watches_gifts
relogios_presentes,watches_gifts
relogios_presentes,watches_gifts
relogios_presentes,watches_gifts
relogios_presentes,watches_gifts
relogios_presentes,watches_gifts
relogios_presentes,watches_gifts
relogios_presentes,watches_gifts
relogios_presentes,watches_gifts
relogios_presentes,watches_gifts
relogios_presentes,watches_gifts
relogios_presentes,watches_gifts
relogios_presentes,watches_gifts
relogios_presentes,watches_gifts
relogios_presentes,watches_gifts
relogios_presentes,watches_gifts
relogios_presentes,watches_gifts
relogios_presentes,watches_gifts
relogios_presentes,watches_gifts
relogios_presentes,watches_gifts
relogios_presentes,watches_gifts
relogios_presentes,watches_gifts
relogios_presentes,watches_gifts
relogios_presentes,watches_gifts
relogios_presentes,watches_gifts
relogios_presentes,watches_gifts
audio,audio
audio,audio
audio,audio
eletronicos,electronics
eletronicos,electronics
eletronicos,electronics
eletronicos,electronics
eletronicos,electronics
eletronicos,electronics
eletronicos,electronics
eletronicos,electronics
eletronicos,electronics
eletronicos,electronics
eletronicos,electronics
eletronicos,electronics
eletronicos,electronics
eletronicos,electronics
eletronicos,electronics
eletronicos,electronics
eletronicos,electronics
eletronicos,electronics
eletronicos,electronics
eletronicos,electronics
eletronicos,electronics
eletronicos,electronics
eletronicos,electronics
eletronicos,electronics
eletronicos,electronics
eletronicos,electronics
eletronicos,electronics
eletronicos,electronics
eletronicos,electronics
eletronicos,electronics
eletronicos,electronics
eletronicos,electronics
eletronicos,electronics
eletronicos,electronics
eletronicos,electronics
eletronicos,electronics
eletronicos,electronics
eletronicos,electronics
eletronicos,electronics
eletronicos,electronics
eletronicos,electronics
eletronicos,electronics
eletronicos,electronics
eletronicos,electronics
eletronicos,electronics
eletronicos,electronics
eletronicos,electronics
informatica_acessorios,computers_accessories
informatica_acessorios,computers_accessories
informatica_acessorios,computers_accessories
informatica_acessorios,computers_accessories
informatica_acessorios,computers_accessories
informatica_acessorios,computers_accessories
informatica_acessorios,computers_accessories
informatica_acessorios,computers_accessories
informatica_acessorios,computers_accessories
informatica_acessorios,computers_accessories
informatica_acessorios,computers_accessories
informatica_acessorios,computers_accessories
informatica_acessorios,computers_accessories
informatica_acessorios,computers_accessories
informatica_acessorios,computers_accessories
informatica_acessorios,computers_accessories
informatica_acessorios,computers_accessories
informatica_acessorios,computers_accessories
informatica_acessorios,computers_accessories
informatica_acessorios,computers_accessories
informatica_acessorios,computers_accessories
informatica_acessorios,computers_accessories
informatica_acessorios,computers_accessories
informatica_acessorios,computers_accessories
informatica_acessorios,computers_accessories
informatica_acessorios,computers_accessories
informatica_acessorios,computers_accessories
informatica_acessorios,computers_accessories
informatica_acessorios,computers_accessories
informatica_acessorios,computers_accessories
informatica_acessorios,computers_accessories
informatica_acessorios,computers_accessories
informatica_acessorios,computers_accessories
informatica_acessorios,computers_accessories
informatica_acessorios,computers_accessories
informatica_acessorios,computers_accessories
informatica_acessorios,computers_accessories
informatica_acessorios,computers_accessories
informatica_acessorios,computers_accessories
informatica_acessorios,computers_accessories
informatica_acessorios,computers_accessories
informatica_acessorios,computers_accessories
informatica_acessorios,computers_accessories
informatica_acessorios,computers_accessories
informatica_acessorios,computers_accessories
informatica_acessorios,computers_accessories
informatica_acessorios,computers_accessories
informatica_acessorios,computers_accessories
informatica_acessorios,computers_accessories
informatica_acessorios,computers_accessories
informatica_acessorios,computers_accessories
informatica_acessorios,computers_accessories
informatica_acessorios,computers_accessories
informatica_acessorios,computers_accessories
informatica_acessorios,computers_accessories
informatica_acessorios,computers_accessories
informatica_acessorios,computers_accessories
informatica_acessorios,computers_accessories
informatica_acessorios,computers_accessories
informatica_acessorios,computers_accessories
informatica_acessorios,computers_accessories
informatica_acessorios,computers_accessories
informatica_acessorios,computers_accessories
informatica_acessorios,computers_accessories
informatica_acessorios,computers_accessories
informatica_acessorios,computers_accessories
informatica_acessorios,computers_accessories
informatica_acessorios,computers_accessories
informatica_acessorios,computers_accessories
informatica_acessorios,computers_accessories
informatica_acessorios,computers_accessories
informatica_acessorios,computers_accessories
informatica_acessorios,computers_accessories
informatica_acessorios,computers_accessories
informatica_acessorios,computers_accessories
informatica_acessorios,computers_accessories
informatica_acessorios,computers_accessories
informatica_acessorios,computers_accessories
informatica_acessorios,computers_accessories
informatica_acessorios,computers_accessories
informatica_acessorios,computers_accessories
informatica_acessorios,computers_accessories
informatica_acessorios,computers_accessories
informatica_acessorios,computers_accessories
informatica_acessorios,computers_accessories
informatica_acessorios,computers_accessories
informatica_acessorios,computers_accessories
informatica_acessorios,computers_accessories
informatica_acessorios,computers_accessories
informatica_acessorios,computers_accessories
informatica_acessorios,computers_accessories
informatica_acessorios,computers_accessories
informatica_acessorios,computers_accessories
informatica_acessorios,computers_accessories
informatica_acessorios,computers_accessories
informatica_acessorios,computers_accessories
informatica_acessorios,computers_accessories
informatica_acessorios,computers_accessories
informatica_acessorios,computers_accessories
informatica_acessorios,computers_accessories
informatica_acessorios,computers_accessories
informatica_acessorios,computers_accessories
informatica_acessorios,computers_accessories
informatica_acessorios,computers_accessories
informatica_acessorios,computers_accessories
informatica_acessorios,computers_accessories
informatica_acessorios,computers_accessories
informatica_acessorios,computers_accessories
informatica_acessorios,computers_accessories
informatica_acessorios,computers_accessories
informatica_acessorios,computers_accessories
informatica_acessorios,computers_accessories
informatica_acessorios,computers_accessories
telefonia,telephony
telefonia,telephony
telefonia,telephony
telefonia,telephony
telefonia,telephony
telefonia,telephony
telefonia,telephony
telefonia,telephony
telefonia,telephony
telefonia,telephony
telefonia,telephony
telefonia,telephony
telefonia,telephony
telefonia,telephony
telefonia,telephony
telefonia,telephony
telefonia,telephony
telefonia,telephony
telefonia,telephony
telefonia,telephony
telefonia,telephony
telefonia,telephony
telefonia,telephony
telefonia,telephony
telefonia,telephony
telefonia,telephony
telefonia,telephony
telefonia,telephony
telefonia,telephony
telefonia,telephony
telefonia,telephony
telefonia,telephony
consoles_games,consoles_games
consoles_games,consoles_games
consoles_games,consoles_games
consoles_games,consoles_games
consoles_games,consoles_games
consoles_games,consoles_games
consoles_games,consoles_games
consoles_games,consoles_games
consoles_games,consoles_games
consoles_games,consoles_games
consoles_games,consoles_games
consoles_games,consoles_games
consoles_games,consoles_games
consoles_games,consoles_games
papelaria,stationery
papelaria,stationery
papelaria,stationery
papelaria,stationery
papelaria,stationery
papelaria,stationery
papelaria,stationery
papelaria,stationery
papelaria,stationery
papelaria,stationery
papelaria,stationery
papelaria,stationery
papelaria,stationery
papelaria,stationery
papelaria,stationery
papelaria,stationery
papelaria,stationery
papelaria,stationery
papelaria,stationery
papelaria,stationery
papelaria,stationery
papelaria,stationery
papelaria,stationery
papelaria,stationery
papelaria,stationery
papelaria,stationery
papelaria,stationery
papelaria,stationery
papelaria,stationery
papelaria,stationery
papelaria,stationery
papelaria,stationery
papelaria,stationery
papelaria,stationery
papelaria,stationery
papelaria,stationery
papelaria,stationery
papelaria,stationery
papelaria,stationery
papelaria,stationery
papelaria,stationery
papelaria,stationery
papelaria,stationery
papelaria,stationery
papelaria,stationery
papelaria,stationery
papelaria,stationery
papelaria,stationery
artigos_de_festas,party_supplies
artigos_de_festas,party_supplies
fashion_roupa_masculina,fashion_male_clothing
fashion_roupa_masculina,fashion_male_clothing
fashion_roupa_masculina,fashion_male_clothing
fashion_roupa_masculina,fashion_male_clothing
fashion_roupa_feminina,fashio_female_clothing
fashion_roupa_feminina,fashio_female_clothing
alimentos,food
alimentos,food
alimentos,food
alimentos,food
alimentos,food
alimentos,food
alimentos,food
alimentos,food
alimentos,food
alimentos,food
construcao_ferramentas_ferramentas,costruction_tools_tools
construcao_ferramentas_ferramentas,costruction_tools_tools
construcao_ferramentas_ferramentas,costruction_tools_tools
construcao_ferramentas_ferramentas,costruction_tools_tools
construcao_ferramentas_ferramentas,costruction_tools_tools
construcao_ferramentas_ferramentas,costruction_tools_tools
construcao_ferramentas_ferramentas,costruction_tools_tools
construcao_ferramentas_ferramentas,costruction_tools_tools
fashion_bolsas_e_acessorios,fashion_bags_accessories
fashion_bolsas_e_acessorios,fashion_bags_accessories
fashion_bolsas_e_acessorios,fashion_bags_accessories
fashion_bolsas_e_acessorios,fashion_bags_accessories
fashion_bolsas_e_acessorios,fashion_bags_accessories
fashion_bolsas_e_acessorios,fashion_bags_accessories
fashion_bolsas_e_acessorios,fashion_bags_accessories
fashion_bolsas_e_acessorios,fashion_bags_accessories
fashion_bolsas_e_acessorios,fashion_bags_accessories
fashion_bolsas_e_acessorios,fashion_bags_accessories
fashion_bolsas_e_acessorios,fashion_bags_accessories
fashion_bolsas_e_acessorios,fashion_bags_accessories
fashion_bolsas_e_acessorios,fashion_bags_accessories
fashion_bolsas_e_acessorios,fashion_bags_accessories
fashion_bolsas_e_acessorios,fashion_bags_accessories
fashion_bolsas_e_acessorios,fashion_bags_accessories
fashion_bolsas_e_acessorios,fashion_bags_accessories
fashion_bolsas_e_acessorios,fashion_bags_accessories
fashion_bolsas_e_acessorios,fashion_bags_accessories
fashion_bolsas_e_acessorios,fashion_bags_accessories
fashion_bolsas_e_acessorios,fashion_bags_accessories
fashion_bolsas_e_acessorios,fashion_bags_accessories
fashion_bolsas_e_acessorios,fashion_bags_accessories
fashion_bolsas_e_acessorios,fashion_bags_accessories
fashion_bolsas_e_acessorios,fashion_bags_accessories
fashion_bolsas_e_acessorios,fashion_bags_accessories
fashion_bolsas_e_acessorios,fashion_bags_accessories
fashion_bolsas_e_acessorios,fashion_bags_accessories
fashion_bolsas_e_acessorios,fashion_bags_accessories
fashion_bolsas_e_acessorios,fashion_bags_accessories
fashion_bolsas_e_acessorios,fashion_bags_accessories
fashion_bolsas_e_acessorios,fashion_bags_accessories
fashion_bolsas_e_acessorios,fashion_bags_accessories
fashion_bolsas_e_acessorios,fashion_bags_accessories
fashion_bolsas_e_acessorios,fashion_bags_accessories
fashion_bolsas_e_acessorios,fashion_bags_accessories
fashion_bolsas_e_acessorios,fashion_bags_accessories
fashion_bolsas_e_acessorios,fashion_bags_accessories
fashion_bolsas_e_acessorios,fashion_bags_accessories
fashion_bolsas_e_acessorios,fashion_bags_accessories
fashion_bolsas_e_acessorios,fashion_bags_accessories
fashion_bolsas_e_acessorios,fashion_bags_accessories
fashion_bolsas_e_acessorios,fashion_bags_accessories
ferramentas_jardim,garden_tools
ferramentas_jardim,garden_tools
ferramentas_jardim,garden_tools
ferramentas_jardim,garden_tools
ferramentas_jardim,garden_tools
ferramentas_jardim,garden_tools
ferramentas_jardim,garden_tools
ferramentas_jardim,garden_tools
ferramentas_jardim,garden_tools
ferramentas_jardim,garden_tools
ferramentas_jardim,garden_tools
ferramentas_jardim,garden_tools
ferramentas_jardim,garden_tools
ferramentas_jardim,garden_tools
ferramentas_jardim,garden_tools
ferramentas_jardim,garden_tools
ferramentas_jardim,garden_tools
ferramentas_jardim,garden_tools
ferramentas_jardim,garden_tools
ferramentas_jardim,garden_tools
ferramentas_jardim,garden_tools
ferramentas_jardim,garden_tools
ferramentas_jardim,garden_tools
ferramentas_jardim,garden_tools
ferramentas_jardim,garden_tools
ferramentas_jardim,garden_tools
ferramentas_jardim,garden_tools
ferramentas_jardim,garden_tools
ferramentas_jardim,garden_tools
ferramentas_jardim,garden_tools
ferramentas_jardim,garden_tools
ferramentas_jardim,garden_tools
ferramentas_jardim,garden_tools
ferramentas_jardim,garden_tools
ferramentas_jardim,garden_tools
ferramentas_jardim,garden_tools
ferramentas_jardim,garden_tools
ferramentas_jardim,garden_tools
ferramentas_jardim,garden_tools
ferramentas_jardim,garden_tools
ferramentas_jardim,garden_tools
ferramentas_jardim,garden_tools
ferramentas_jardim,garden_tools
ferramentas_jardim,garden_tools
ferramentas_jardim,garden_tools
ferramentas_jardim,garden_tools
ferramentas_jardim,garden_tools
ferramentas_jardim,garden_tools
ferramentas_jardim,garden_tools
ferramentas_jardim,garden_tools
ferramentas_jardim,garden_tools
ferramentas_jardim,garden_tools
ferramentas_jardim,garden_tools
ferramentas_jardim,garden_tools
ferramentas_jardim,garden_tools
ferramentas_jardim,garden_tools
ferramentas_jardim,garden_tools
ferramentas_jardim,garden_tools
ferramentas_jardim,garden_tools
ferramentas_jardim,garden_tools
ferramentas_jardim,garden_tools
ferramentas_jardim,garden_tools
ferramentas_jardim,garden_tools
ferramentas_jardim,garden_tools
ferramentas_jardim,garden_tools
moveis_escritorio,office_furniture
moveis_escritorio,office_furniture
moveis_escritorio,office_furniture
moveis_escritorio,office_furniture
moveis_escritorio,office_furniture
moveis_escritorio,office_furniture
moveis_escritorio,office_furniture
moveis_escritorio,office_furniture
moveis_escritorio,office_furniture
moveis_escritorio,office_furniture
moveis_escritorio,office_furniture
moveis_escritorio,office_furniture
moveis_escritorio,office_furniture
moveis_escritorio,office_furniture
moveis_escritorio,office_furniture
moveis_escritorio,office_furniture
moveis_sala,furniture_living_room
moveis_sala,furniture_living_room
moveis_sala,furniture_living_room
moveis_sala,furniture_living_room
moveis_sala,furniture_living_room
moveis_sala,furniture_living_room
moveis_sala,furniture_living_room
moveis_sala,furniture_living_room
moveis_sala,furniture_living_room
moveis_sala,furniture_living_room
moveis_sala,furniture_living_room
moveis_sala,furniture_living_room
moveis_sala,furniture_living_room
moveis_sala,furniture_living_room
moveis_sala,furniture_living_room
moveis_sala,furniture_living_room
moveis_sala,furniture_living_room
market_place,market_place
market_place,market_place
market_place,market_place
market_place,market_place
market_place,market_place
market_place,market_place
cama_mesa_banho,bed_bath_table
cama_mesa_banho,bed_bath_table
cama_mesa_banho,bed_bath_table
cama_mesa_banho,bed_bath_table
cama_mesa_banho,bed_bath_table
cama_mesa_banho,bed_bath_table
cama_mesa_banho,bed_bath_table
cama_mesa_banho,bed_bath_table
cama_mesa_banho,bed_bath_table
cama_mesa_banho,bed_bath_table
cama_mesa_banho,bed_bath_table
cama_mesa_banho,bed_bath_table
cama_mesa_banho,bed_bath_table
cama_mesa_banho,bed_bath_table
cama_mesa_banho,bed_bath_table
cama_mesa_banho,bed_bath_table
cama_mesa_banho,bed_bath_table
cama_mesa_banho,bed_bath_table
cama_mesa_banho,bed_bath_table
cama_mesa_banho,bed_bath_table
cama_mesa_banho,bed_bath_table
cama_mesa_banho,bed_bath_table
cama_mesa_banho,bed_bath_table
cama_mesa_banho,bed_bath_table
cama_mesa_banho,bed_bath_table
cama_mesa_banho,bed_bath_table
cama_mesa_banho,bed_bath_table
cama_mesa_banho,bed_bath_table
cama_mesa_banho,bed_bath_table
cama_mesa_banho,bed_bath_table
cama_mesa_banho,bed_bath_table
cama_mesa_banho,bed_bath_table
cama_mesa_banho,bed_bath_table
cama_mesa_banho,bed_bath_table
cama_mesa_banho,bed_bath_table
cama_mesa_banho,bed_bath_table
cama_mesa_banho,bed_bath_table
cama_mesa_banho,bed_bath_table
cama_mesa_banho,bed_bath_table
cama_mesa_banho,bed_bath_table
cama_mesa_banho,bed_bath_table
cama_mesa_banho,bed_bath_table
cama_mesa_banho,bed_bath_table
cama_mesa_banho,bed_bath_table
cama_mesa_banho,bed_bath_table
cama_mesa_banho,bed_bath_table
cama_mesa_banho,bed_bath_table
cama_mesa_banho,bed_bath_table
cama_mesa_banho,bed_bath_table
cama_mesa_banho,bed_bath_table
cama_mesa_banho,bed_bath_table
cama_mesa_banho,bed_bath_table
cama_mesa_banho,bed_bath_table
cama_mesa_banho,bed_bath_table
cama_mesa_banho,bed_bath_table
cama_mesa_banho,bed_bath_table
cama_mesa_banho,bed_bath_table
cama_mesa_banho,bed_bath_table
cama_mesa_banho,bed_bath_table
cama_mesa_banho,bed_bath_table
cama_mesa_banho,bed_bath_table
cama_mesa_banho,bed_bath_table
cama_mesa_banho,bed_bath_table
cama_mesa_banho,bed_bath_table
cama_mesa_banho,bed_bath_table
cama_mesa_banho,bed_bath_table
cama_mesa_banho,bed_bath_table
cama_mesa_banho,bed_bath_table
cama_mesa_banho,bed_bath_table
cama_mesa_banho,bed_bath_table
cama_mesa_banho,bed_bath_table
cama_mesa_banho,bed_bath_table
cama_mesa_banho,bed_bath_table
cama_mesa_banho,bed_bath_table
cama_mesa_banho,bed_bath_table
cama_mesa_banho,bed_bath_table
cama_mesa_banho,bed_bath_table
cama_mesa_banho,bed_bath_table
artes,art
artes,art
artes,art
artes,art
artes,art
artes,art
artes,art
artes,art
casa_construcao,home_construction
casa_construcao,home_construction
casa_construcao,home_construction
casa_construcao,home_construction
casa_construcao,home_construction
casa_construcao,home_construction
casa_construcao,home_construction
casa_construcao,home_construction
casa_construcao,home_construction
casa_construcao,home_construction
casa_construcao,home_construction
casa_construcao,home_construction
casa_construcao,home_construction
casa_construcao,home_construction
casa_construcao,home_construction
casa_construcao,home_construction
climatizacao,air_conditioning
climatizacao,air_conditioning
climatizacao,air_conditioning
climatizacao,air_conditioning
climatizacao,air_conditioning
climatizacao,air_conditioning
climatizacao,air_conditioning
climatizacao,air_conditioning
climatizacao,air_conditioning
climatizacao,air_conditioning
agro_industria_e_comercio,agro_industry_and_commerce
agro_industria_e_comercio,agro_industry_and_commerce
agro_industria_e_comercio,agro_industry_and_commerce
agro_industria_e_comercio,agro_industry_and_commerce
agro_industria_e_comercio,agro_industry_and_commerce
agro_industria_e_comercio,agro_industry_and_commerce
agro_industria_e_comercio,agro_industry_and_commerce
telefonia_fixa,fixed_telephony
telefonia_fixa,fixed_telephony
telefonia_fixa,fixed_telephony
telefonia_fixa,fixed_telephony
instrumentos_musicais,musical_instruments
instrumentos_musicais,musical_instruments
instrumentos_musicais,musical_instruments
instrumentos_musicais,musical_instruments
instrumentos_musicais,musical_instruments
instrumentos_musicais,musical_instruments
instrumentos_musicais,musical_instruments
instrumentos_musicais,musical_instruments
instrumentos_musicais,musical_instruments
instrumentos_musicais,musical_instruments
instrumentos_musicais,musical_instruments
instrumentos_musicais,musical_instruments
instrumentos_musicais,musical_instruments
instrumentos_musicais,musical_instruments
instrumentos_musicais,musical_instruments
instrumentos_musicais,musical_instruments
instrumentos_musicais,musical_instruments
instrumentos_musicais,musical_instruments
instrumentos_musicais,musical_instruments
instrumentos_musicais,musical_instruments
instrumentos_musicais,musical_instruments
instrumentos_musicais,musical_instruments
instrumentos_musicais,musical_instruments
instrumentos_musicais,musical_instruments
malas_acessorios,luggage_accessories
malas_acessorios,luggage_accessories
malas_acessorios,luggage_accessories
malas_acessorios,luggage_accessories
malas_acessorios,luggage_accessories
malas_acessorios,luggage_accessories
malas_acessorios,luggage_accessories
malas_acessorios,luggage_accessories
malas_acessorios,luggage_accessories
malas_acessorios,luggage_accessories
malas_acessorios,luggage_accessories
malas_acessorios,luggage_accessories
malas_acessorios,luggage_accessories
malas_acessorios,luggage_accessories
malas_acessorios,luggage_accessories
malas_acessorios,luggage_accessories
fashion_esporte,fashion_sport
fashion_calcados,fashion_shoes
fashion_calcados,fashion_shoes
fashion_calcados,fashion_shoes
eletrodomesticos,home_appliances
eletrodomesticos,home_appliances
eletrodomesticos,home_appliances
eletrodomesticos,home_appliances
eletrodomesticos,home_appliances
eletrodomesticos,home_appliances
eletrodomesticos,home_appliances
eletrodomesticos,home_appliances
eletrodomesticos,home_appliances
eletrodomesticos,home_appliances
eletrodomesticos,home_appliances
eletrodomesticos,home_appliances
eletrodomesticos,home_appliances
eletrodomesticos,home_appliances
portateis_casa_forno_e_cafe,small_appliances_home_oven_and_coffee
eletroportateis,small_appliances
eletroportateis,small_appliances
eletroportateis,small_appliances
eletroportateis,small_appliances
eletroportateis,small_appliances
eletroportateis,small_appliances
eletroportateis,small_appliances
eletroportateis,small_appliances
eletroportateis,small_appliances
eletroportateis,small_appliances
eletroportateis,small_appliances
eletroportateis,small_appliances
eletroportateis,small_appliances
eletroportateis,small_appliances
eletroportateis,small_appliances
eletroportateis,small_appliances
eletroportateis,small_appliances
construcao_ferramentas_iluminacao,construction_tools_lights
construcao_ferramentas_iluminacao,construction_tools_lights
construcao_ferramentas_iluminacao,construction_tools_lights
construcao_ferramentas_iluminacao,construction_tools_lights
construcao_ferramentas_iluminacao,construction_tools_lights
construcao_ferramentas_iluminacao,construction_tools_lights
construcao_ferramentas_iluminacao,construction_tools_lights
construcao_ferramentas_iluminacao,construction_tools_lights
construcao_ferramentas_iluminacao,construction_tools_lights
construcao_ferramentas_iluminacao,construction_tools_lights
moveis_cozinha_area_de_servico_jantar_e_jardim,kitchen_dining_laundry_garden_furniture
moveis_cozinha_area_de_servico_jantar_e_jardim,kitchen_dining_laundry_garden_furniture
moveis_cozinha_area_de_servico_jantar_e_jardim,kitchen_dining_laundry_garden_furniture
moveis_cozinha_area_de_servico_jantar_e_jardim,kitchen_dining_laundry_garden_furniture
moveis_cozinha_area_de_servico_jantar_e_jardim,kitchen_dining_laundry_garden_furniture
moveis_cozinha_area_de_servico_jantar_e_jardim,kitchen_dining_laundry_garden_furniture
moveis_cozinha_area_de_servico_jantar_e_jardim,kitchen_dining_laundry_garden_furniture
moveis_cozinha_area_de_servico_jantar_e_jardim,kitchen_dining_laundry_garden_furniture
moveis_cozinha_area_de_servico_jantar_e_jardim,kitchen_dining_laundry_garden_furniture
moveis_cozinha_area_de_servico_jantar_e_jardim,kitchen_dining_laundry_garden_furniture
moveis_cozinha_area_de_servico_jantar_e_jardim,kitchen_dining_laundry_garden_furniture
moveis_cozinha_area_de_servico_jantar_e_jardim,kitchen_dining_laundry_garden_furniture
moveis_cozinha_area_de_servico_jantar_e_jardim,kitchen_dining_laundry_garden_furniture
moveis_cozinha_area_de_servico_jantar_e_jardim,kitchen_dining_laundry_garden_furniture
moveis_cozinha_area_de_servico_jantar_e_jardim,kitchen_dining_laundry_garden_furniture
industria_comercio_e_negocios,industry_commerce_and_business
bebidas,drinks
bebidas,drinks
bebidas,drinks
bebidas,drinks
bebidas,drinks
bebidas,drinks
bebidas,drinks
bebidas,drinks
bebidas,drinks
bebidas,drinks
bebidas,drinks
bebidas,drinks
bebidas,drinks
bebidas,drinks
bebidas,drinks
bebidas,drinks
bebidas,drinks
alimentos_bebidas,food_drink
alimentos_bebidas,food_drink
alimentos_bebidas,food_drink
alimentos_bebidas,food_drink
alimentos_bebidas,food_drink
alimentos_bebidas,food_drink
alimentos_bebidas,food_drink
alimentos_bebidas,food_drink
alimentos_bebidas,food_drink
alimentos_bebidas,food_drink
alimentos_bebidas,food_drink
alimentos_bebidas,food_drink
alimentos_bebidas,food_drink
livros_interesse_geral,books_general_interest
livros_interesse_geral,books_general_interest
livros_interesse_geral,books_general_interest
livros_interesse_geral,books_general_interest
livros_interesse_geral,books_general_interest
livros_interesse_geral,books_general_interest
livros_interesse_geral,books_general_interest
livros_interesse_geral,books_general_interest
livros_interesse_geral,books_general_interest
livros_interesse_geral,books_general_interest
livros_interesse_geral,books_general_interest
livros_interesse_geral,books_general_interest
livros_interesse_geral,books_general_interest
livros_interesse_geral,books_general_interest
livros_interesse_geral,books_general_interest
livros_interesse_geral,books_general_interest
livros_interesse_geral,books_general_interest
livros_interesse_geral,books_general_interest
livros_interesse_geral,books_general_interest
livros_interesse_geral,books_general_interest
livros_interesse_geral,books_general_interest
livros_interesse_geral,books_general_interest
livros_interesse_geral,books_general_interest
livros_interesse_geral,books_general_interest
livros_interesse_geral,books_general_interest
livros_interesse_geral,books_general_interest
livros_interesse_geral,books_general_interest
livros_interesse_geral,books_general_interest
livros_interesse_geral,books_general_interest
livros_interesse_geral,books_general_interest
livros_interesse_geral,books_general_interest
livros_interesse_geral,books_general_interest
livros_interesse_geral,books_general_interest
livros_interesse_geral,books_general_interest
eletrodomesticos_2,home_appliances_2
eletrodomesticos_2,home_appliances_2
eletrodomesticos_2,home_appliances_2
eletrodomesticos_2,home_appliances_2
eletrodomesticos_2,home_appliances_2
eletrodomesticos_2,home_appliances_2
construcao_ferramentas_seguranca,construction_tools_safety
construcao_ferramentas_seguranca,construction_tools_safety
construcao_ferramentas_seguranca,construction_tools_safety
construcao_ferramentas_seguranca,construction_tools_safety
construcao_ferramentas_seguranca,construction_tools_safety
construcao_ferramentas_seguranca,construction_tools_safety
construcao_ferramentas_seguranca,construction_tools_safety
construcao_ferramentas_seguranca,construction_tools_safety
construcao_ferramentas_seguranca,construction_tools_safety
construcao_ferramentas_seguranca,construction_tools_safety
artigos_de_natal,christmas_supplies
artigos_de_natal,christmas_supplies
artigos_de_natal,christmas_supplies
artigos_de_natal,christmas_supplies
moveis_colchao_e_estofado,furniture_mattress_and_upholstery
construcao_ferramentas_jardim,costruction_tools_garden
construcao_ferramentas_jardim,costruction_tools_garden
construcao_ferramentas_jardim,costruction_tools_garden
construcao_ferramentas_jardim,costruction_tools_garden
construcao_ferramentas_jardim,costruction_tools_garden
fashion_underwear_e_moda_praia,fashion_underwear_beach
fashion_underwear_e_moda_praia,fashion_underwear_beach
artes_e_artesanato,arts_and_craftmanship
artes_e_artesanato,arts_and_craftmanship
livros_tecnicos,books_technical
livros_tecnicos,books_technical
livros_tecnicos,books_technical
livros_tecnicos,books_technical
livros_tecnicos,books_technical
livros_tecnicos,books_technical
livros_tecnicos,books_technical
livros_tecnicos,books_technical
livros_tecnicos,books_technical
livros_tecnicos,books_technical
dvds_blu_ray,dvds_blu_ray
dvds_blu_ray,dvds_blu_ray
flores,flowers
moveis_quarto,furniture_bedroom
moveis_quarto,furniture_bedroom
moveis_quarto,furniture_bedroom
moveis_quarto,furniture_bedroom
moveis_quarto,furniture_bedroom
cine_foto,cine_photo
fraldas_higiene,diapers_and_hygiene
fraldas_higiene,diapers_and_hygiene
fraldas_higiene,diapers_and_hygiene
livros_importados,books_imported
livros_importados,books_imported
